code_3,indicator_code,NA
SGP,WBG:EODBR,1
NZL,WBG:EODBR,2
HKG,WBG:EODBR,3
DNK,WBG:EODBR,4
PRK,WBG:EODBR,5
NOR,WBG:EODBR,6
USA,WBG:EODBR,7
GBR,WBG:EODBR,8
FIN,WBG:EODBR,9
AUS,WBG:EODBR,10
SWE,WBG:EODBR,11
ISL,WBG:EODBR,12
IRL,WBG:EODBR,13
DEU,WBG:EODBR,14
GEO,WBG:EODBR,15
CAN,WBG:EODBR,16
EST,WBG:EODBR,17
MYS,WBG:EODBR,18
#N/A,WBG:EODBR,19
CHE,WBG:EODBR,20
AUT,WBG:EODBR,21
ARE,WBG:EODBR,22
LVA,WBG:EODBR,23
LTU,WBG:EODBR,24
PRT,WBG:EODBR,25
THA,WBG:EODBR,26
NLD,WBG:EODBR,27
MUS,WBG:EODBR,28
JPN,WBG:EODBR,29
JPN,WBG:EODBR,30
FRA,WBG:EODBR,31
POL,WBG:EODBR,32
ESP,WBG:EODBR,33
COL,WBG:EODBR,34
PER,WBG:EODBR,35
MNE,WBG:EODBR,36
SVK,WBG:EODBR,37
BGR,WBG:EODBR,38
MEX,WBG:EODBR,39
ISR,WBG:EODBR,40
CHL,WBG:EODBR,41
BEL,WBG:EODBR,42
ZAF,WBG:EODBR,43
CZE,WBG:EODBR,44
ARM,WBG:EODBR,45
RWA,WBG:EODBR,46
PRI,WBG:EODBR,47
ROM,WBG:EODBR,48
SAU,WBG:EODBR,49
QAT,WBG:EODBR,50
SVN,WBG:EODBR,51
PAN,WBG:EODBR,52
BHR,WBG:EODBR,53
HUN,WBG:EODBR,54
TUR,WBG:EODBR,55
ITA,WBG:EODBR,56
BLR,WBG:EODBR,57
JAM,WBG:EODBR,58
LUX,WBG:EODBR,59
TUN,WBG:EODBR,60
GRC,WBG:EODBR,61
RUS,WBG:EODBR,62
MDA,WBG:EODBR,63
CYP,WBG:EODBR,64
HRV,WBG:EODBR,65
OMN,WBG:EODBR,66
WSM,WBG:EODBR,67
ALB,WBG:EODBR,68
TON,WBG:EODBR,69
GHA,WBG:EODBR,70
MAR,WBG:EODBR,71
MNG,WBG:EODBR,72
GTM,WBG:EODBR,73
BWA,WBG:EODBR,74
KSV,WBG:EODBR,75
VUT,WBG:EODBR,76
KAZ,WBG:EODBR,77
VNM,WBG:EODBR,78
TTO,WBG:EODBR,79
AZE,WBG:EODBR,80
FJI,WBG:EODBR,81
URY,WBG:EODBR,82
CRI,WBG:EODBR,83
DOM,WBG:EODBR,84
SYC,WBG:EODBR,85
KWT,WBG:EODBR,86
SLB,WBG:EODBR,87
NAM,WBG:EODBR,88
ATG,WBG:EODBR,89
CHN,WBG:EODBR,90
SRB,WBG:EODBR,91
PRY,WBG:EODBR,92
SMR,WBG:EODBR,93
MLT,WBG:EODBR,94
PHL,WBG:EODBR,95
UKR,WBG:EODBR,96
BHS,WBG:EODBR,97
DMA,WBG:EODBR,97
LKA,WBG:EODBR,99
LCA,WBG:EODBR,100
BRN,WBG:EODBR,101
KGZ,WBG:EODBR,102
VCT,WBG:EODBR,103
LBN,WBG:EODBR,104
HND,WBG:EODBR,104
BRB,WBG:EODBR,106
BIH,WBG:EODBR,107
NPL,WBG:EODBR,108
SLV,WBG:EODBR,109
SWZ,WBG:EODBR,110
ZMB,WBG:EODBR,111
EGY,WBG:EODBR,112
PLW,WBG:EODBR,113
IDN,WBG:EODBR,114
ECU,WBG:EODBR,115
MDV,WBG:EODBR,116
JOR,WBG:EODBR,117
BLZ,WBG:EODBR,118
NIC,WBG:EODBR,119
BRA,WBG:EODBR,120
KNA,WBG:EODBR,121
CPV,WBG:EODBR,122
GUY,WBG:EODBR,123
ARG,WBG:EODBR,124
BTN,WBG:EODBR,125
GRD,WBG:EODBR,126
MOZ,WBG:EODBR,127
PAK,WBG:EODBR,128
LSO,WBG:EODBR,128
IRN,WBG:EODBR,130
TZA,WBG:EODBR,131
ETH,WBG:EODBR,132
PNG,WBG:EODBR,133
KIR,WBG:EODBR,134
KHM,WBG:EODBR,135
KEN,WBG:EODBR,136
YEM,WBG:EODBR,137
GMB,WBG:EODBR,138
MHL,WBG:EODBR,139
SLE,WBG:EODBR,140
UZB,WBG:EODBR,141
IND,WBG:EODBR,142
WBG,WBG:EODBR,143
GAB,WBG:EODBR,144
FSM,WBG:EODBR,145
MLI,WBG:EODBR,146
CIV,WBG:EODBR,147
LAO,WBG:EODBR,148
TGO,WBG:EODBR,149
UGA,WBG:EODBR,150
BEN,WBG:EODBR,151
BDI,WBG:EODBR,152
STP,WBG:EODBR,153
DZA,WBG:EODBR,154
DJI,WBG:EODBR,155
IRQ,WBG:EODBR,156
BOL,WBG:EODBR,157
CMR,WBG:EODBR,158
COM,WBG:EODBR,159
SDN,WBG:EODBR,160
SEN,WBG:EODBR,161
SUR,WBG:EODBR,162
MDG,WBG:EODBR,163
MWI,WBG:EODBR,164
GNQ,WBG:EODBR,165
TJK,WBG:EODBR,166
BFA,WBG:EODBR,167
NER,WBG:EODBR,168
GIN,WBG:EODBR,169
NGA,WBG:EODBR,170
ZWE,WBG:EODBR,171
TMP,WBG:EODBR,172
BGD,WBG:EODBR,173
LBR,WBG:EODBR,174
SYR,WBG:EODBR,175
MRT,WBG:EODBR,176
MMR,WBG:EODBR,177
COG,WBG:EODBR,178
GNB,WBG:EODBR,179
HTI,WBG:EODBR,180
AGO,WBG:EODBR,181
VEN,WBG:EODBR,182
AFG,WBG:EODBR,183
ZAR,WBG:EODBR,184
TCD,WBG:EODBR,185
SSD,WBG:EODBR,186
CAF,WBG:EODBR,187
LBY,WBG:EODBR,188
ERI,WBG:EODBR,189
SGP,WBG:SAB,6
NZL,WBG:SAB,1
HKG,WBG:SAB,8
DNK,WBG:SAB,25
PRK,WBG:SAB,17
NOR,WBG:SAB,22
USA,WBG:SAB,46
GBR,WBG:SAB,45
FIN,WBG:SAB,27
AUS,WBG:SAB,7
SWE,WBG:SAB,32
ISL,WBG:SAB,31
IRL,WBG:SAB,19
DEU,WBG:SAB,114
GEO,WBG:SAB,5
CAN,WBG:SAB,2
EST,WBG:SAB,26
MYS,WBG:SAB,13
#N/A,WBG:SAB,15
CHE,WBG:SAB,69
AUT,WBG:SAB,101
ARE,WBG:SAB,58
LVA,WBG:SAB,36
LTU,WBG:SAB,11
PRT,WBG:SAB,10
THA,WBG:SAB,75
NLD,WBG:SAB,21
MUS,WBG:SAB,29
JPN,WBG:SAB,83
JPN,WBG:SAB,3
FRA,WBG:SAB,28
POL,WBG:SAB,85
ESP,WBG:SAB,74
COL,WBG:SAB,84
PER,WBG:SAB,89
MNE,WBG:SAB,56
SVK,WBG:SAB,77
BGR,WBG:SAB,49
MEX,WBG:SAB,67
ISR,WBG:SAB,53
CHL,WBG:SAB,59
BEL,WBG:SAB,14
ZAF,WBG:SAB,61
CZE,WBG:SAB,110
ARM,WBG:SAB,4
RWA,WBG:SAB,112
PRI,WBG:SAB,48
ROM,WBG:SAB,38
SAU,WBG:SAB,109
QAT,WBG:SAB,103
SVN,WBG:SAB,15
PAN,WBG:SAB,38
BHR,WBG:SAB,131
HUN,WBG:SAB,57
TUR,WBG:SAB,79
ITA,WBG:SAB,46
BLR,WBG:SAB,40
JAM,WBG:SAB,20
LUX,WBG:SAB,82
TUN,WBG:SAB,100
GRC,WBG:SAB,52
RUS,WBG:SAB,34
MDA,WBG:SAB,35
CYP,WBG:SAB,64
HRV,WBG:SAB,88
OMN,WBG:SAB,123
WSM,WBG:SAB,33
ALB,WBG:SAB,41
TON,WBG:SAB,51
GHA,WBG:SAB,96
MAR,WBG:SAB,54
MNG,WBG:SAB,42
GTM,WBG:SAB,98
BWA,WBG:SAB,149
KSV,WBG:SAB,42
VUT,WBG:SAB,137
KAZ,WBG:SAB,55
VNM,WBG:SAB,125
TTO,WBG:SAB,71
AZE,WBG:SAB,12
FJI,WBG:SAB,160
URY,WBG:SAB,60
CRI,WBG:SAB,118
DOM,WBG:SAB,113
SYC,WBG:SAB,127
KWT,WBG:SAB,150
SLB,WBG:SAB,93
NAM,WBG:SAB,156
ATG,WBG:SAB,102
CHN,WBG:SAB,128
SRB,WBG:SAB,66
PRY,WBG:SAB,126
SMR,WBG:SAB,132
MLT,WBG:SAB,136
PHL,WBG:SAB,161
UKR,WBG:SAB,76
BHS,WBG:SAB,95
DMA,WBG:SAB,63
LKA,WBG:SAB,104
LCA,WBG:SAB,72
BRN,WBG:SAB,179
KGZ,WBG:SAB,9
VCT,WBG:SAB,80
LBN,WBG:SAB,119
HND,WBG:SAB,138
BRB,WBG:SAB,94
BIH,WBG:SAB,147
NPL,WBG:SAB,104
SLV,WBG:SAB,121
SWZ,WBG:SAB,145
ZMB,WBG:SAB,68
EGY,WBG:SAB,73
PLW,WBG:SAB,111
IDN,WBG:SAB,155
ECU,WBG:SAB,165
MDV,WBG:SAB,50
JOR,WBG:SAB,86
BLZ,WBG:SAB,148
NIC,WBG:SAB,120
BRA,WBG:SAB,167
KNA,WBG:SAB,87
CPV,WBG:SAB,78
GUY,WBG:SAB,99
ARG,WBG:SAB,146
BTN,WBG:SAB,92
GRD,WBG:SAB,80
MOZ,WBG:SAB,107
PAK,WBG:SAB,116
LSO,WBG:SAB,108
IRN,WBG:SAB,62
TZA,WBG:SAB,124
ETH,WBG:SAB,168
PNG,WBG:SAB,130
KIR,WBG:SAB,122
KHM,WBG:SAB,184
KEN,WBG:SAB,143
YEM,WBG:SAB,140
GMB,WBG:SAB,159
MHL,WBG:SAB,70
SLE,WBG:SAB,91
UZB,WBG:SAB,65
IND,WBG:SAB,158
WBG,WBG:SAB,162
GAB,WBG:SAB,135
FSM,WBG:SAB,151
MLI,WBG:SAB,169
CIV,WBG:SAB,44
LAO,WBG:SAB,154
TGO,WBG:SAB,134
UGA,WBG:SAB,166
BEN,WBG:SAB,117
BDI,WBG:SAB,18
STP,WBG:SAB,23
DZA,WBG:SAB,141
DJI,WBG:SAB,163
IRQ,WBG:SAB,142
BOL,WBG:SAB,171
CMR,WBG:SAB,133
COM,WBG:SAB,173
SDN,WBG:SAB,139
SEN,WBG:SAB,90
SUR,WBG:SAB,181
MDG,WBG:SAB,37
MWI,WBG:SAB,157
GNQ,WBG:SAB,186
TJK,WBG:SAB,106
BFA,WBG:SAB,153
NER,WBG:SAB,177
GIN,WBG:SAB,175
NGA,WBG:SAB,129
ZWE,WBG:SAB,180
TMP,WBG:SAB,96
BGD,WBG:SAB,115
LBR,WBG:SAB,30
SYR,WBG:SAB,152
MRT,WBG:SAB,164
MMR,WBG:SAB,189
COG,WBG:SAB,170
GNB,WBG:SAB,176
HTI,WBG:SAB,188
AGO,WBG:SAB,174
VEN,WBG:SAB,182
AFG,WBG:SAB,24
ZAR,WBG:SAB,172
TCD,WBG:SAB,185
SSD,WBG:SAB,178
CAF,WBG:SAB,187
LBY,WBG:SAB,144
ERI,WBG:SAB,183
SGP,WBG:DWCP,2
NZL,WBG:DWCP,13
HKG,WBG:DWCP,1
DNK,WBG:DWCP,5
PRK,WBG:DWCP,12
NOR,WBG:DWCP,27
USA,WBG:DWCP,41
GBR,WBG:DWCP,17
FIN,WBG:DWCP,33
AUS,WBG:DWCP,19
SWE,WBG:DWCP,18
ISL,WBG:DWCP,56
IRL,WBG:DWCP,128
DEU,WBG:DWCP,8
GEO,WBG:DWCP,3
CAN,WBG:DWCP,118
EST,WBG:DWCP,20
MYS,WBG:DWCP,28
#N/A,WBG:DWCP,11
CHE,WBG:DWCP,45
AUT,WBG:DWCP,78
ARE,WBG:DWCP,4
LVA,WBG:DWCP,47
LTU,WBG:DWCP,15
PRT,WBG:DWCP,58
THA,WBG:DWCP,6
NLD,WBG:DWCP,100
MUS,WBG:DWCP,117
JPN,WBG:DWCP,83
JPN,WBG:DWCP,89
FRA,WBG:DWCP,86
POL,WBG:DWCP,137
ESP,WBG:DWCP,105
COL,WBG:DWCP,61
PER,WBG:DWCP,87
MNE,WBG:DWCP,138
SVK,WBG:DWCP,110
BGR,WBG:DWCP,101
MEX,WBG:DWCP,108
ISR,WBG:DWCP,121
CHL,WBG:DWCP,62
BEL,WBG:DWCP,82
ZAF,WBG:DWCP,32
CZE,WBG:DWCP,139
ARM,WBG:DWCP,81
RWA,WBG:DWCP,34
PRI,WBG:DWCP,158
ROM,WBG:DWCP,140
SAU,WBG:DWCP,21
QAT,WBG:DWCP,23
SVN,WBG:DWCP,90
PAN,WBG:DWCP,63
BHR,WBG:DWCP,7
HUN,WBG:DWCP,103
TUR,WBG:DWCP,136
ITA,WBG:DWCP,116
BLR,WBG:DWCP,51
JAM,WBG:DWCP,26
LUX,WBG:DWCP,50
TUN,WBG:DWCP,85
GRC,WBG:DWCP,88
RUS,WBG:DWCP,156
MDA,WBG:DWCP,175
CYP,WBG:DWCP,148
HRV,WBG:DWCP,178
OMN,WBG:DWCP,49
WSM,WBG:DWCP,57
ALB,WBG:DWCP,157
TON,WBG:DWCP,14
GHA,WBG:DWCP,106
MAR,WBG:DWCP,54
MNG,WBG:DWCP,74
GTM,WBG:DWCP,122
BWA,WBG:DWCP,93
KSV,WBG:DWCP,135
VUT,WBG:DWCP,80
KAZ,WBG:DWCP,154
VNM,WBG:DWCP,22
TTO,WBG:DWCP,113
AZE,WBG:DWCP,150
FJI,WBG:DWCP,73
URY,WBG:DWCP,162
CRI,WBG:DWCP,52
DOM,WBG:DWCP,96
SYC,WBG:DWCP,48
KWT,WBG:DWCP,98
SLB,WBG:DWCP,36
NAM,WBG:DWCP,25
ATG,WBG:DWCP,30
CHN,WBG:DWCP,179
SRB,WBG:DWCP,186
PRY,WBG:DWCP,43
SMR,WBG:DWCP,112
MLT,WBG:DWCP,109
PHL,WBG:DWCP,124
UKR,WBG:DWCP,70
BHS,WBG:DWCP,92
DMA,WBG:DWCP,43
LKA,WBG:DWCP,60
LCA,WBG:DWCP,39
BRN,WBG:DWCP,53
KGZ,WBG:DWCP,42
VCT,WBG:DWCP,35
LBN,WBG:DWCP,164
HND,WBG:DWCP,103
BRB,WBG:DWCP,147
BIH,WBG:DWCP,182
NPL,WBG:DWCP,91
SLV,WBG:DWCP,155
SWZ,WBG:DWCP,55
ZMB,WBG:DWCP,99
EGY,WBG:DWCP,142
PLW,WBG:DWCP,66
IDN,WBG:DWCP,153
ECU,WBG:DWCP,59
MDV,WBG:DWCP,24
JOR,WBG:DWCP,126
BLZ,WBG:DWCP,69
NIC,WBG:DWCP,134
BRA,WBG:DWCP,174
KNA,WBG:DWCP,16
CPV,WBG:DWCP,114
GUY,WBG:DWCP,38
ARG,WBG:DWCP,181
BTN,WBG:DWCP,131
GRD,WBG:DWCP,40
MOZ,WBG:DWCP,84
PAK,WBG:DWCP,125
LSO,WBG:DWCP,161
IRN,WBG:DWCP,172
TZA,WBG:DWCP,169
ETH,WBG:DWCP,28
PNG,WBG:DWCP,141
KIR,WBG:DWCP,65
KHM,WBG:DWCP,183
KEN,WBG:DWCP,95
YEM,WBG:DWCP,68
GMB,WBG:DWCP,71
MHL,WBG:DWCP,10
SLE,WBG:DWCP,120
UZB,WBG:DWCP,149
IND,WBG:DWCP,184
WBG,WBG:DWCP,173
GAB,WBG:DWCP,76
FSM,WBG:DWCP,37
MLI,WBG:DWCP,97
CIV,WBG:DWCP,180
LAO,WBG:DWCP,107
TGO,WBG:DWCP,170
UGA,WBG:DWCP,163
BEN,WBG:DWCP,64
BDI,WBG:DWCP,133
STP,WBG:DWCP,46
DZA,WBG:DWCP,127
DJI,WBG:DWCP,146
IRQ,WBG:DWCP,9
BOL,WBG:DWCP,129
CMR,WBG:DWCP,166
COM,WBG:DWCP,31
SDN,WBG:DWCP,160
SEN,WBG:DWCP,151
SUR,WBG:DWCP,79
MDG,WBG:DWCP,177
MWI,WBG:DWCP,72
GNQ,WBG:DWCP,94
TJK,WBG:DWCP,168
BFA,WBG:DWCP,75
NER,WBG:DWCP,119
GIN,WBG:DWCP,159
NGA,WBG:DWCP,171
ZWE,WBG:DWCP,176
TMP,WBG:DWCP,115
BGD,WBG:DWCP,144
LBR,WBG:DWCP,143
SYR,WBG:DWCP,189
MRT,WBG:DWCP,77
MMR,WBG:DWCP,130
COG,WBG:DWCP,102
GNB,WBG:DWCP,165
HTI,WBG:DWCP,132
AGO,WBG:DWCP,67
VEN,WBG:DWCP,152
AFG,WBG:DWCP,185
ZAR,WBG:DWCP,111
TCD,WBG:DWCP,123
SSD,WBG:DWCP,167
CAF,WBG:DWCP,145
LBY,WBG:DWCP,189
ERI,WBG:DWCP,189
SGP,WBG:GE,11
NZL,WBG:GE,48
HKG,WBG:GE,13
DNK,WBG:GE,14
PRK,WBG:GE,1
NOR,WBG:GE,25
USA,WBG:GE,61
GBR,WBG:GE,70
FIN,WBG:GE,33
AUS,WBG:GE,55
SWE,WBG:GE,7
ISL,WBG:GE,9
IRL,WBG:GE,67
DEU,WBG:GE,3
GEO,WBG:GE,37
CAN,WBG:GE,150
EST,WBG:GE,56
MYS,WBG:GE,27
#N/A,WBG:GE,2
CHE,WBG:GE,5
AUT,WBG:GE,24
ARE,WBG:GE,4
LVA,WBG:GE,89
LTU,WBG:GE,105
PRT,WBG:GE,47
THA,WBG:GE,12
NLD,WBG:GE,90
MUS,WBG:GE,41
JPN,WBG:GE,28
JPN,WBG:GE,88
FRA,WBG:GE,60
POL,WBG:GE,64
ESP,WBG:GE,74
COL,WBG:GE,92
PER,WBG:GE,86
MNE,WBG:GE,63
SVK,WBG:GE,100
BGR,WBG:GE,125
MEX,WBG:GE,116
ISR,WBG:GE,109
CHL,WBG:GE,49
BEL,WBG:GE,99
ZAF,WBG:GE,158
CZE,WBG:GE,123
ARM,WBG:GE,131
RWA,WBG:GE,62
PRI,WBG:GE,32
ROM,WBG:GE,171
SAU,WBG:GE,22
QAT,WBG:GE,40
SVN,WBG:GE,31
PAN,WBG:GE,29
BHR,WBG:GE,73
HUN,WBG:GE,162
TUR,WBG:GE,34
ITA,WBG:GE,102
BLR,WBG:GE,148
JAM,WBG:GE,111
LUX,WBG:GE,42
TUN,WBG:GE,38
GRC,WBG:GE,80
RUS,WBG:GE,143
MDA,WBG:GE,149
CYP,WBG:GE,160
HRV,WBG:GE,59
OMN,WBG:GE,79
WSM,WBG:GE,20
ALB,WBG:GE,152
TON,WBG:GE,35
GHA,WBG:GE,71
MAR,WBG:GE,91
MNG,WBG:GE,142
GTM,WBG:GE,18
BWA,WBG:GE,103
KSV,WBG:GE,112
VUT,WBG:GE,115
KAZ,WBG:GE,97
VNM,WBG:GE,135
TTO,WBG:GE,21
AZE,WBG:GE,159
FJI,WBG:GE,75
URY,WBG:GE,39
CRI,WBG:GE,46
DOM,WBG:GE,119
SYC,WBG:GE,130
KWT,WBG:GE,93
SLB,WBG:GE,45
NAM,WBG:GE,66
ATG,WBG:GE,17
CHN,WBG:GE,124
SRB,WBG:GE,84
PRY,WBG:GE,51
SMR,WBG:GE,6
MLT,WBG:GE,114
PHL,WBG:GE,16
UKR,WBG:GE,185
BHS,WBG:GE,50
DMA,WBG:GE,53
LKA,WBG:GE,100
LCA,WBG:GE,23
BRN,WBG:GE,42
KGZ,WBG:GE,168
VCT,WBG:GE,8
LBN,WBG:GE,57
HND,WBG:GE,110
BRB,WBG:GE,118
BIH,WBG:GE,163
NPL,WBG:GE,85
SLV,WBG:GE,144
SWZ,WBG:GE,140
ZMB,WBG:GE,126
EGY,WBG:GE,106
PLW,WBG:GE,98
IDN,WBG:GE,78
ECU,WBG:GE,120
MDV,WBG:GE,108
JOR,WBG:GE,44
BLZ,WBG:GE,54
NIC,WBG:GE,95
BRA,WBG:GE,19
KNA,WBG:GE,10
CPV,WBG:GE,133
GUY,WBG:GE,155
ARG,WBG:GE,104
BTN,WBG:GE,72
GRD,WBG:GE,77
MOZ,WBG:GE,164
PAK,WBG:GE,146
LSO,WBG:GE,117
IRN,WBG:GE,107
TZA,WBG:GE,87
ETH,WBG:GE,82
PNG,WBG:GE,26
KIR,WBG:GE,167
KHM,WBG:GE,139
KEN,WBG:GE,151
YEM,WBG:GE,122
GMB,WBG:GE,138
MHL,WBG:GE,68
SLE,WBG:GE,172
UZB,WBG:GE,145
IND,WBG:GE,137
WBG,WBG:GE,83
GAB,WBG:GE,129
FSM,WBG:GE,30
MLI,WBG:GE,132
CIV,WBG:GE,161
LAO,WBG:GE,128
TGO,WBG:GE,134
UGA,WBG:GE,184
BEN,WBG:GE,173
BDI,WBG:GE,182
STP,WBG:GE,57
DZA,WBG:GE,147
DJI,WBG:GE,176
IRQ,WBG:GE,36
BOL,WBG:GE,127
CMR,WBG:GE,52
COM,WBG:GE,81
SDN,WBG:GE,136
SEN,WBG:GE,183
SUR,WBG:GE,69
MDG,WBG:GE,189
MWI,WBG:GE,181
GNQ,WBG:GE,95
TJK,WBG:GE,178
BFA,WBG:GE,177
NER,WBG:GE,165
GIN,WBG:GE,154
NGA,WBG:GE,187
ZWE,WBG:GE,153
TMP,WBG:GE,15
BGD,WBG:GE,188
LBR,WBG:GE,166
SYR,WBG:GE,76
MRT,WBG:GE,169
MMR,WBG:GE,121
COG,WBG:GE,170
GNB,WBG:GE,180
HTI,WBG:GE,94
AGO,WBG:GE,157
VEN,WBG:GE,155
AFG,WBG:GE,141
ZAR,WBG:GE,175
TCD,WBG:GE,174
SSD,WBG:GE,179
CAF,WBG:GE,186
LBY,WBG:GE,65
ERI,WBG:GE,113
SGP,WBG:RP,24
NZL,WBG:RP,2
HKG,WBG:RP,96
DNK,WBG:RP,8
PRK,WBG:RP,79
NOR,WBG:RP,5
USA,WBG:RP,29
GBR,WBG:RP,68
FIN,WBG:RP,38
AUS,WBG:RP,53
SWE,WBG:RP,18
ISL,WBG:RP,23
IRL,WBG:RP,50
DEU,WBG:RP,89
GEO,WBG:RP,1
CAN,WBG:RP,55
EST,WBG:RP,13
MYS,WBG:RP,75
#N/A,WBG:RP,40
CHE,WBG:RP,16
AUT,WBG:RP,35
ARE,WBG:RP,4
LVA,WBG:RP,32
LTU,WBG:RP,9
PRT,WBG:RP,25
THA,WBG:RP,28
NLD,WBG:RP,58
MUS,WBG:RP,98
JPN,WBG:RP,73
JPN,WBG:RP,74
FRA,WBG:RP,126
POL,WBG:RP,39
ESP,WBG:RP,66
COL,WBG:RP,42
PER,WBG:RP,26
MNE,WBG:RP,87
SVK,WBG:RP,11
BGR,WBG:RP,57
MEX,WBG:RP,110
ISR,WBG:RP,135
CHL,WBG:RP,45
BEL,WBG:RP,171
ZAF,WBG:RP,97
CZE,WBG:RP,31
ARM,WBG:RP,7
RWA,WBG:RP,15
PRI,WBG:RP,163
ROM,WBG:RP,63
SAU,WBG:RP,20
QAT,WBG:RP,36
SVN,WBG:RP,90
PAN,WBG:RP,61
BHR,WBG:RP,17
HUN,WBG:RP,52
TUR,WBG:RP,54
ITA,WBG:RP,41
BLR,WBG:RP,3
JAM,WBG:RP,126
LUX,WBG:RP,137
TUN,WBG:RP,71
GRC,WBG:RP,116
RUS,WBG:RP,12
MDA,WBG:RP,22
CYP,WBG:RP,112
HRV,WBG:RP,92
OMN,WBG:RP,19
WSM,WBG:RP,48
ALB,WBG:RP,118
TON,WBG:RP,174
GHA,WBG:RP,43
MAR,WBG:RP,115
MNG,WBG:RP,30
GTM,WBG:RP,65
BWA,WBG:RP,51
KSV,WBG:RP,34
VUT,WBG:RP,91
KAZ,WBG:RP,14
VNM,WBG:RP,33
TTO,WBG:RP,159
AZE,WBG:RP,10
FJI,WBG:RP,64
URY,WBG:RP,146
CRI,WBG:RP,47
DOM,WBG:RP,82
SYC,WBG:RP,78
KWT,WBG:RP,69
SLB,WBG:RP,156
NAM,WBG:RP,173
ATG,WBG:RP,141
CHN,WBG:RP,37
SRB,WBG:RP,72
PRY,WBG:RP,60
SMR,WBG:RP,111
MLT,WBG:RP,83
PHL,WBG:RP,108
UKR,WBG:RP,59
BHS,WBG:RP,179
DMA,WBG:RP,149
LKA,WBG:RP,131
LCA,WBG:RP,132
BRN,WBG:RP,162
KGZ,WBG:RP,6
VCT,WBG:RP,155
LBN,WBG:RP,106
HND,WBG:RP,81
BRB,WBG:RP,144
BIH,WBG:RP,88
NPL,WBG:RP,27
SLV,WBG:RP,56
SWZ,WBG:RP,129
ZMB,WBG:RP,152
EGY,WBG:RP,84
PLW,WBG:RP,21
IDN,WBG:RP,117
ECU,WBG:RP,80
MDV,WBG:RP,169
JOR,WBG:RP,107
BLZ,WBG:RP,120
NIC,WBG:RP,134
BRA,WBG:RP,138
KNA,WBG:RP,170
CPV,WBG:RP,62
GUY,WBG:RP,103
ARG,WBG:RP,119
BTN,WBG:RP,86
GRD,WBG:RP,128
MOZ,WBG:RP,101
PAK,WBG:RP,114
LSO,WBG:RP,93
IRN,WBG:RP,161
TZA,WBG:RP,123
ETH,WBG:RP,104
PNG,WBG:RP,85
KIR,WBG:RP,139
KHM,WBG:RP,100
KEN,WBG:RP,136
YEM,WBG:RP,44
GMB,WBG:RP,113
MHL,WBG:RP,189
SLE,WBG:RP,158
UZB,WBG:RP,143
IND,WBG:RP,121
WBG,WBG:RP,99
GAB,WBG:RP,181
FSM,WBG:RP,189
MLI,WBG:RP,133
CIV,WBG:RP,124
LAO,WBG:RP,77
TGO,WBG:RP,182
UGA,WBG:RP,125
BEN,WBG:RP,165
BDI,WBG:RP,48
STP,WBG:RP,148
DZA,WBG:RP,157
DJI,WBG:RP,154
IRQ,WBG:RP,109
BOL,WBG:RP,130
CMR,WBG:RP,172
COM,WBG:RP,105
SDN,WBG:RP,46
SEN,WBG:RP,167
SUR,WBG:RP,178
MDG,WBG:RP,153
MWI,WBG:RP,76
GNQ,WBG:RP,145
TJK,WBG:RP,70
BFA,WBG:RP,147
NER,WBG:RP,95
GIN,WBG:RP,122
NGA,WBG:RP,185
ZWE,WBG:RP,94
TMP,WBG:RP,189
BGD,WBG:RP,184
LBR,WBG:RP,177
SYR,WBG:RP,140
MRT,WBG:RP,66
MMR,WBG:RP,151
COG,WBG:RP,168
GNB,WBG:RP,160
HTI,WBG:RP,175
AGO,WBG:RP,164
VEN,WBG:RP,102
AFG,WBG:RP,183
ZAR,WBG:RP,142
TCD,WBG:RP,166
SSD,WBG:RP,180
CAF,WBG:RP,150
LBY,WBG:RP,189
ERI,WBG:RP,176
SGP,WBG:GC,17
NZL,WBG:GC,1
HKG,WBG:GC,23
DNK,WBG:GC,23
PRK,WBG:GC,36
NOR,WBG:GC,61
USA,WBG:GC,2
GBR,WBG:GC,17
FIN,WBG:GC,36
AUS,WBG:GC,4
SWE,WBG:GC,61
ISL,WBG:GC,52
IRL,WBG:GC,23
DEU,WBG:GC,23
GEO,WBG:GC,7
CAN,WBG:GC,7
EST,WBG:GC,23
MYS,WBG:GC,23
#N/A,WBG:GC,52
CHE,WBG:GC,52
AUT,WBG:GC,52
ARE,WBG:GC,89
LVA,WBG:GC,23
LTU,WBG:GC,23
PRT,WBG:GC,89
THA,WBG:GC,89
NLD,WBG:GC,71
MUS,WBG:GC,36
JPN,WBG:GC,71
JPN,WBG:GC,36
FRA,WBG:GC,71
POL,WBG:GC,17
ESP,WBG:GC,52
COL,WBG:GC,2
PER,WBG:GC,12
MNE,WBG:GC,4
SVK,WBG:GC,36
BGR,WBG:GC,23
MEX,WBG:GC,12
ISR,WBG:GC,36
CHL,WBG:GC,71
BEL,WBG:GC,89
ZAF,WBG:GC,52
CZE,WBG:GC,23
ARM,WBG:GC,36
RWA,WBG:GC,4
PRI,WBG:GC,7
ROM,WBG:GC,7
SAU,WBG:GC,71
QAT,WBG:GC,131
SVN,WBG:GC,116
PAN,WBG:GC,17
BHR,WBG:GC,104
HUN,WBG:GC,17
TUR,WBG:GC,89
ITA,WBG:GC,89
BLR,WBG:GC,104
JAM,WBG:GC,12
LUX,WBG:GC,165
TUN,WBG:GC,116
GRC,WBG:GC,71
RUS,WBG:GC,61
MDA,WBG:GC,23
CYP,WBG:GC,61
HRV,WBG:GC,61
OMN,WBG:GC,116
WSM,WBG:GC,151
ALB,WBG:GC,36
TON,WBG:GC,36
GHA,WBG:GC,36
MAR,WBG:GC,104
MNG,WBG:GC,61
GTM,WBG:GC,12
BWA,WBG:GC,61
KSV,WBG:GC,23
VUT,WBG:GC,36
KAZ,WBG:GC,71
VNM,WBG:GC,36
TTO,WBG:GC,36
AZE,WBG:GC,104
FJI,WBG:GC,71
URY,WBG:GC,52
CRI,WBG:GC,89
DOM,WBG:GC,89
SYC,WBG:GC,171
KWT,WBG:GC,116
SLB,WBG:GC,71
NAM,WBG:GC,61
ATG,WBG:GC,151
CHN,WBG:GC,71
SRB,WBG:GC,52
PRY,WBG:GC,71
SMR,WBG:GC,180
MLT,WBG:GC,171
PHL,WBG:GC,104
UKR,WBG:GC,17
BHS,WBG:GC,131
DMA,WBG:GC,131
LKA,WBG:GC,89
LCA,WBG:GC,151
BRN,WBG:GC,89
KGZ,WBG:GC,36
VCT,WBG:GC,151
LBN,WBG:GC,116
HND,WBG:GC,7
BRB,WBG:GC,116
BIH,WBG:GC,36
NPL,WBG:GC,116
SLV,WBG:GC,71
SWZ,WBG:GC,61
ZMB,WBG:GC,23
EGY,WBG:GC,71
PLW,WBG:GC,71
IDN,WBG:GC,71
ECU,WBG:GC,89
MDV,WBG:GC,116
JOR,WBG:GC,185
BLZ,WBG:GC,160
NIC,WBG:GC,89
BRA,WBG:GC,89
KNA,WBG:GC,151
CPV,WBG:GC,104
GUY,WBG:GC,165
ARG,WBG:GC,71
BTN,WBG:GC,71
GRD,WBG:GC,131
MOZ,WBG:GC,131
PAK,WBG:GC,131
LSO,WBG:GC,151
IRN,WBG:GC,89
TZA,WBG:GC,151
ETH,WBG:GC,165
PNG,WBG:GC,165
KIR,WBG:GC,160
KHM,WBG:GC,12
KEN,WBG:GC,116
YEM,WBG:GC,185
GMB,WBG:GC,160
MHL,WBG:GC,71
SLE,WBG:GC,151
UZB,WBG:GC,104
IND,WBG:GC,36
WBG,WBG:GC,116
GAB,WBG:GC,104
FSM,WBG:GC,61
MLI,WBG:GC,131
CIV,WBG:GC,131
LAO,WBG:GC,116
TGO,WBG:GC,131
UGA,WBG:GC,131
BEN,WBG:GC,116
BDI,WBG:GC,171
STP,WBG:GC,185
DZA,WBG:GC,171
DJI,WBG:GC,180
IRQ,WBG:GC,180
BOL,WBG:GC,116
CMR,WBG:GC,116
COM,WBG:GC,131
SDN,WBG:GC,165
SEN,WBG:GC,131
SUR,WBG:GC,171
MDG,WBG:GC,180
MWI,WBG:GC,151
GNQ,WBG:GC,104
TJK,WBG:GC,116
BFA,WBG:GC,131
NER,WBG:GC,131
GIN,WBG:GC,131
NGA,WBG:GC,52
ZWE,WBG:GC,104
TMP,WBG:GC,160
BGD,WBG:GC,131
LBR,WBG:GC,160
SYR,WBG:GC,165
MRT,WBG:GC,171
MMR,WBG:GC,171
COG,WBG:GC,104
GNB,WBG:GC,131
HTI,WBG:GC,171
AGO,WBG:GC,180
VEN,WBG:GC,104
AFG,WBG:GC,89
ZAR,WBG:GC,131
TCD,WBG:GC,131
SSD,WBG:GC,171
CAF,WBG:GC,131
LBY,WBG:GC,185
ERI,WBG:GC,185
SGP,WBG:PMI,3
NZL,WBG:PMI,1
HKG,WBG:PMI,2
DNK,WBG:PMI,17
PRK,WBG:PMI,21
NOR,WBG:PMI,12
USA,WBG:PMI,25
GBR,WBG:PMI,4
FIN,WBG:PMI,76
AUS,WBG:PMI,71
SWE,WBG:PMI,32
ISL,WBG:PMI,28
IRL,WBG:PMI,6
DEU,WBG:PMI,51
GEO,WBG:PMI,43
CAN,WBG:PMI,7
EST,WBG:PMI,56
MYS,WBG:PMI,5
#N/A,WBG:PMI,30
CHE,WBG:PMI,78
AUT,WBG:PMI,32
ARE,WBG:PMI,43
LVA,WBG:PMI,49
LTU,WBG:PMI,78
PRT,WBG:PMI,51
THA,WBG:PMI,25
NLD,WBG:PMI,94
MUS,WBG:PMI,28
JPN,WBG:PMI,35
JPN,WBG:PMI,21
FRA,WBG:PMI,17
POL,WBG:PMI,35
ESP,WBG:PMI,30
COL,WBG:PMI,10
PER,WBG:PMI,40
MNE,WBG:PMI,43
SVK,WBG:PMI,100
BGR,WBG:PMI,14
MEX,WBG:PMI,62
ISR,WBG:PMI,11
CHL,WBG:PMI,56
BEL,WBG:PMI,40
ZAF,WBG:PMI,17
CZE,WBG:PMI,83
ARM,WBG:PMI,49
RWA,WBG:PMI,117
PRI,WBG:PMI,78
ROM,WBG:PMI,40
SAU,WBG:PMI,62
QAT,WBG:PMI,122
SVN,WBG:PMI,14
PAN,WBG:PMI,76
BHR,WBG:PMI,104
HUN,WBG:PMI,110
TUR,WBG:PMI,13
ITA,WBG:PMI,21
BLR,WBG:PMI,94
JAM,WBG:PMI,71
LUX,WBG:PMI,117
TUN,WBG:PMI,78
GRC,WBG:PMI,62
RUS,WBG:PMI,100
MDA,WBG:PMI,56
CYP,WBG:PMI,14
HRV,WBG:PMI,62
OMN,WBG:PMI,122
WSM,WBG:PMI,71
ALB,WBG:PMI,7
TON,WBG:PMI,161
GHA,WBG:PMI,56
MAR,WBG:PMI,122
MNG,WBG:PMI,17
GTM,WBG:PMI,174
BWA,WBG:PMI,106
KSV,WBG:PMI,62
VUT,WBG:PMI,135
KAZ,WBG:PMI,25
VNM,WBG:PMI,117
TTO,WBG:PMI,62
AZE,WBG:PMI,51
FJI,WBG:PMI,110
URY,WBG:PMI,110
CRI,WBG:PMI,181
DOM,WBG:PMI,83
SYC,WBG:PMI,56
KWT,WBG:PMI,43
SLB,WBG:PMI,92
NAM,WBG:PMI,87
ATG,WBG:PMI,35
CHN,WBG:PMI,132
SRB,WBG:PMI,32
PRY,WBG:PMI,166
SMR,WBG:PMI,110
MLT,WBG:PMI,51
PHL,WBG:PMI,154
UKR,WBG:PMI,109
BHS,WBG:PMI,141
DMA,WBG:PMI,87
LKA,WBG:PMI,51
LCA,WBG:PMI,141
BRN,WBG:PMI,110
KGZ,WBG:PMI,35
VCT,WBG:PMI,71
LBN,WBG:PMI,106
HND,WBG:PMI,174
BRB,WBG:PMI,177
BIH,WBG:PMI,83
NPL,WBG:PMI,71
SLV,WBG:PMI,154
SWZ,WBG:PMI,110
ZMB,WBG:PMI,83
EGY,WBG:PMI,135
PLW,WBG:PMI,183
IDN,WBG:PMI,43
ECU,WBG:PMI,117
MDV,WBG:PMI,135
JOR,WBG:PMI,154
BLZ,WBG:PMI,169
NIC,WBG:PMI,172
BRA,WBG:PMI,35
KNA,WBG:PMI,87
CPV,WBG:PMI,170
GUY,WBG:PMI,135
ARG,WBG:PMI,62
BTN,WBG:PMI,104
GRD,WBG:PMI,141
MOZ,WBG:PMI,94
PAK,WBG:PMI,21
LSO,WBG:PMI,106
IRN,WBG:PMI,154
TZA,WBG:PMI,141
ETH,WBG:PMI,154
PNG,WBG:PMI,94
KIR,WBG:PMI,154
KHM,WBG:PMI,92
KEN,WBG:PMI,122
YEM,WBG:PMI,162
GMB,WBG:PMI,162
MHL,WBG:PMI,183
SLE,WBG:PMI,62
UZB,WBG:PMI,100
IND,WBG:PMI,7
WBG,WBG:PMI,141
GAB,WBG:PMI,146
FSM,WBG:PMI,186
MLI,WBG:PMI,146
CIV,WBG:PMI,146
LAO,WBG:PMI,178
TGO,WBG:PMI,122
UGA,WBG:PMI,110
BEN,WBG:PMI,135
BDI,WBG:PMI,94
STP,WBG:PMI,183
DZA,WBG:PMI,132
DJI,WBG:PMI,162
IRQ,WBG:PMI,146
BOL,WBG:PMI,160
CMR,WBG:PMI,117
COM,WBG:PMI,122
SDN,WBG:PMI,174
SEN,WBG:PMI,122
SUR,WBG:PMI,171
MDG,WBG:PMI,87
MWI,WBG:PMI,132
GNQ,WBG:PMI,122
TJK,WBG:PMI,56
BFA,WBG:PMI,122
NER,WBG:PMI,146
GIN,WBG:PMI,162
NGA,WBG:PMI,62
ZWE,WBG:PMI,87
TMP,WBG:PMI,100
BGD,WBG:PMI,43
LBR,WBG:PMI,181
SYR,WBG:PMI,78
MRT,WBG:PMI,166
MMR,WBG:PMI,178
COG,WBG:PMI,146
GNB,WBG:PMI,122
HTI,WBG:PMI,187
AGO,WBG:PMI,94
VEN,WBG:PMI,178
AFG,WBG:PMI,189
ZAR,WBG:PMI,146
TCD,WBG:PMI,146
SSD,WBG:PMI,173
CAF,WBG:PMI,135
LBY,WBG:PMI,188
ERI,WBG:PMI,166
SGP,WBG:PT,5
NZL,WBG:PT,22
HKG,WBG:PT,4
DNK,WBG:PT,12
PRK,WBG:PT,25
NOR,WBG:PT,15
USA,WBG:PT,47
GBR,WBG:PT,16
FIN,WBG:PT,21
AUS,WBG:PT,39
SWE,WBG:PT,35
ISL,WBG:PT,46
IRL,WBG:PT,6
DEU,WBG:PT,68
GEO,WBG:PT,38
CAN,WBG:PT,9
EST,WBG:PT,28
MYS,WBG:PT,32
#N/A,WBG:PT,37
CHE,WBG:PT,18
AUT,WBG:PT,72
ARE,WBG:PT,1
LVA,WBG:PT,24
LTU,WBG:PT,44
PRT,WBG:PT,64
THA,WBG:PT,62
NLD,WBG:PT,23
MUS,WBG:PT,13
JPN,WBG:PT,122
JPN,WBG:PT,7
FRA,WBG:PT,95
POL,WBG:PT,87
ESP,WBG:PT,76
COL,WBG:PT,146
PER,WBG:PT,57
MNE,WBG:PT,98
SVK,WBG:PT,100
BGR,WBG:PT,89
MEX,WBG:PT,105
ISR,WBG:PT,97
CHL,WBG:PT,29
BEL,WBG:PT,81
ZAF,WBG:PT,19
CZE,WBG:PT,119
ARM,WBG:PT,41
RWA,WBG:PT,27
PRI,WBG:PT,133
ROM,WBG:PT,52
SAU,WBG:PT,3
QAT,WBG:PT,1
SVN,WBG:PT,42
PAN,WBG:PT,166
BHR,WBG:PT,8
HUN,WBG:PT,88
TUR,WBG:PT,56
ITA,WBG:PT,141
BLR,WBG:PT,60
JAM,WBG:PT,147
LUX,WBG:PT,20
TUN,WBG:PT,82
GRC,WBG:PT,59
RUS,WBG:PT,49
MDA,WBG:PT,70
CYP,WBG:PT,50
HRV,WBG:PT,36
OMN,WBG:PT,10
WSM,WBG:PT,96
ALB,WBG:PT,131
TON,WBG:PT,73
GHA,WBG:PT,101
MAR,WBG:PT,66
MNG,WBG:PT,84
GTM,WBG:PT,54
BWA,WBG:PT,67
KSV,WBG:PT,63
VUT,WBG:PT,48
KAZ,WBG:PT,17
VNM,WBG:PT,173
TTO,WBG:PT,113
AZE,WBG:PT,33
FJI,WBG:PT,107
URY,WBG:PT,140
CRI,WBG:PT,121
DOM,WBG:PT,80
SYC,WBG:PT,43
KWT,WBG:PT,11
SLB,WBG:PT,58
NAM,WBG:PT,85
ATG,WBG:PT,159
CHN,WBG:PT,120
SRB,WBG:PT,165
PRY,WBG:PT,111
SMR,WBG:PT,34
MLT,WBG:PT,26
PHL,WBG:PT,127
UKR,WBG:PT,108
BHS,WBG:PT,31
DMA,WBG:PT,94
LKA,WBG:PT,158
LCA,WBG:PT,69
BRN,WBG:PT,30
KGZ,WBG:PT,136
VCT,WBG:PT,93
LBN,WBG:PT,40
HND,WBG:PT,153
BRB,WBG:PT,92
BIH,WBG:PT,151
NPL,WBG:PT,126
SLV,WBG:PT,161
SWZ,WBG:PT,74
ZMB,WBG:PT,78
EGY,WBG:PT,149
PLW,WBG:PT,132
IDN,WBG:PT,160
ECU,WBG:PT,138
MDV,WBG:PT,134
JOR,WBG:PT,45
BLZ,WBG:PT,61
NIC,WBG:PT,164
BRA,WBG:PT,177
KNA,WBG:PT,137
CPV,WBG:PT,91
GUY,WBG:PT,115
ARG,WBG:PT,170
BTN,WBG:PT,86
GRD,WBG:PT,106
MOZ,WBG:PT,123
PAK,WBG:PT,172
LSO,WBG:PT,109
IRN,WBG:PT,124
TZA,WBG:PT,148
ETH,WBG:PT,112
PNG,WBG:PT,110
KIR,WBG:PT,14
KHM,WBG:PT,90
KEN,WBG:PT,102
YEM,WBG:PT,135
GMB,WBG:PT,180
MHL,WBG:PT,128
SLE,WBG:PT,130
UZB,WBG:PT,118
IND,WBG:PT,156
WBG,WBG:PT,51
GAB,WBG:PT,154
FSM,WBG:PT,114
MLI,WBG:PT,145
CIV,WBG:PT,175
LAO,WBG:PT,129
TGO,WBG:PT,163
UGA,WBG:PT,104
BEN,WBG:PT,178
BDI,WBG:PT,124
STP,WBG:PT,162
DZA,WBG:PT,176
DJI,WBG:PT,75
IRQ,WBG:PT,52
BOL,WBG:PT,189
CMR,WBG:PT,181
COM,WBG:PT,167
SDN,WBG:PT,139
SEN,WBG:PT,183
SUR,WBG:PT,71
MDG,WBG:PT,65
MWI,WBG:PT,103
GNQ,WBG:PT,171
TJK,WBG:PT,169
BFA,WBG:PT,152
NER,WBG:PT,155
GIN,WBG:PT,184
NGA,WBG:PT,179
ZWE,WBG:PT,143
TMP,WBG:PT,55
BGD,WBG:PT,83
LBR,WBG:PT,77
SYR,WBG:PT,117
MRT,WBG:PT,187
MMR,WBG:PT,116
COG,WBG:PT,182
GNB,WBG:PT,150
HTI,WBG:PT,142
AGO,WBG:PT,144
VEN,WBG:PT,188
AFG,WBG:PT,79
ZAR,WBG:PT,168
TCD,WBG:PT,186
SSD,WBG:PT,98
CAF,WBG:PT,185
LBY,WBG:PT,157
ERI,WBG:PT,174
SGP,WBG:TAB,1
NZL,WBG:TAB,27
HKG,WBG:TAB,2
DNK,WBG:TAB,7
PRK,WBG:TAB,3
NOR,WBG:TAB,24
USA,WBG:TAB,16
GBR,WBG:TAB,15
FIN,WBG:TAB,14
AUS,WBG:TAB,49
SWE,WBG:TAB,4
ISL,WBG:TAB,39
IRL,WBG:TAB,5
DEU,WBG:TAB,18
GEO,WBG:TAB,33
CAN,WBG:TAB,23
EST,WBG:TAB,6
MYS,WBG:TAB,11
#N/A,WBG:TAB,32
CHE,WBG:TAB,22
AUT,WBG:TAB,19
ARE,WBG:TAB,8
LVA,WBG:TAB,28
LTU,WBG:TAB,21
PRT,WBG:TAB,29
THA,WBG:TAB,36
NLD,WBG:TAB,13
MUS,WBG:TAB,17
JPN,WBG:TAB,20
JPN,WBG:TAB,85
FRA,WBG:TAB,10
POL,WBG:TAB,41
ESP,WBG:TAB,30
COL,WBG:TAB,93
PER,WBG:TAB,55
MNE,WBG:TAB,52
SVK,WBG:TAB,71
BGR,WBG:TAB,57
MEX,WBG:TAB,44
ISR,WBG:TAB,12
CHL,WBG:TAB,40
BEL,WBG:TAB,26
ZAF,WBG:TAB,100
CZE,WBG:TAB,58
ARM,WBG:TAB,110
RWA,WBG:TAB,164
PRI,WBG:TAB,84
ROM,WBG:TAB,65
SAU,WBG:TAB,92
QAT,WBG:TAB,61
SVN,WBG:TAB,53
PAN,WBG:TAB,9
BHR,WBG:TAB,64
HUN,WBG:TAB,72
TUR,WBG:TAB,90
ITA,WBG:TAB,37
BLR,WBG:TAB,145
JAM,WBG:TAB,115
LUX,WBG:TAB,35
TUN,WBG:TAB,50
GRC,WBG:TAB,48
RUS,WBG:TAB,155
MDA,WBG:TAB,152
CYP,WBG:TAB,34
HRV,WBG:TAB,86
OMN,WBG:TAB,60
WSM,WBG:TAB,80
ALB,WBG:TAB,95
TON,WBG:TAB,78
GHA,WBG:TAB,120
MAR,WBG:TAB,31
MNG,WBG:TAB,173
GTM,WBG:TAB,102
BWA,WBG:TAB,157
KSV,WBG:TAB,118
VUT,WBG:TAB,113
KAZ,WBG:TAB,185
VNM,WBG:TAB,75
TTO,WBG:TAB,76
AZE,WBG:TAB,166
FJI,WBG:TAB,116
URY,WBG:TAB,83
CRI,WBG:TAB,47
DOM,WBG:TAB,24
SYC,WBG:TAB,42
KWT,WBG:TAB,117
SLB,WBG:TAB,87
NAM,WBG:TAB,136
ATG,WBG:TAB,89
CHN,WBG:TAB,98
SRB,WBG:TAB,96
PRY,WBG:TAB,150
SMR,WBG:TAB,59
MLT,WBG:TAB,43
PHL,WBG:TAB,65
UKR,WBG:TAB,154
BHS,WBG:TAB,63
DMA,WBG:TAB,88
LKA,WBG:TAB,69
LCA,WBG:TAB,122
BRN,WBG:TAB,46
KGZ,WBG:TAB,183
VCT,WBG:TAB,45
LBN,WBG:TAB,97
HND,WBG:TAB,70
BRB,WBG:TAB,38
BIH,WBG:TAB,104
NPL,WBG:TAB,171
SLV,WBG:TAB,73
SWZ,WBG:TAB,127
ZMB,WBG:TAB,177
EGY,WBG:TAB,99
PLW,WBG:TAB,105
IDN,WBG:TAB,62
ECU,WBG:TAB,114
MDV,WBG:TAB,132
JOR,WBG:TAB,54
BLZ,WBG:TAB,91
NIC,WBG:TAB,74
BRA,WBG:TAB,123
KNA,WBG:TAB,67
CPV,WBG:TAB,101
GUY,WBG:TAB,82
ARG,WBG:TAB,128
BTN,WBG:TAB,165
GRD,WBG:TAB,51
MOZ,WBG:TAB,129
PAK,WBG:TAB,108
LSO,WBG:TAB,147
IRN,WBG:TAB,148
TZA,WBG:TAB,137
ETH,WBG:TAB,168
PNG,WBG:TAB,138
KIR,WBG:TAB,81
KHM,WBG:TAB,124
KEN,WBG:TAB,153
YEM,WBG:TAB,134
GMB,WBG:TAB,77
MHL,WBG:TAB,68
SLE,WBG:TAB,133
UZB,WBG:TAB,189
IND,WBG:TAB,126
WBG,WBG:TAB,130
GAB,WBG:TAB,135
FSM,WBG:TAB,106
MLI,WBG:TAB,163
CIV,WBG:TAB,158
LAO,WBG:TAB,156
TGO,WBG:TAB,112
UGA,WBG:TAB,161
BEN,WBG:TAB,121
BDI,WBG:TAB,169
STP,WBG:TAB,111
DZA,WBG:TAB,131
DJI,WBG:TAB,56
IRQ,WBG:TAB,178
BOL,WBG:TAB,125
CMR,WBG:TAB,160
COM,WBG:TAB,144
SDN,WBG:TAB,162
SEN,WBG:TAB,79
SUR,WBG:TAB,106
MDG,WBG:TAB,109
MWI,WBG:TAB,170
GNQ,WBG:TAB,143
TJK,WBG:TAB,188
BFA,WBG:TAB,174
NER,WBG:TAB,179
GIN,WBG:TAB,141
NGA,WBG:TAB,159
ZWE,WBG:TAB,180
TMP,WBG:TAB,94
BGD,WBG:TAB,140
LBR,WBG:TAB,149
SYR,WBG:TAB,146
MRT,WBG:TAB,151
MMR,WBG:TAB,103
COG,WBG:TAB,181
GNB,WBG:TAB,119
HTI,WBG:TAB,142
AGO,WBG:TAB,167
VEN,WBG:TAB,176
AFG,WBG:TAB,184
ZAR,WBG:TAB,175
TCD,WBG:TAB,182
SSD,WBG:TAB,187
CAF,WBG:TAB,186
LBY,WBG:TAB,139
ERI,WBG:TAB,172
SGP,WBG:EC,1
NZL,WBG:EC,9
HKG,WBG:EC,6
DNK,WBG:EC,34
PRK,WBG:EC,4
NOR,WBG:EC,8
USA,WBG:EC,41
GBR,WBG:EC,36
FIN,WBG:EC,17
AUS,WBG:EC,12
SWE,WBG:EC,21
ISL,WBG:EC,3
IRL,WBG:EC,18
DEU,WBG:EC,13
GEO,WBG:EC,23
CAN,WBG:EC,65
EST,WBG:EC,32
MYS,WBG:EC,29
#N/A,WBG:EC,93
CHE,WBG:EC,22
AUT,WBG:EC,5
ARE,WBG:EC,121
LVA,WBG:EC,16
LTU,WBG:EC,14
PRT,WBG:EC,27
THA,WBG:EC,25
NLD,WBG:EC,19
MUS,WBG:EC,44
JPN,WBG:EC,26
JPN,WBG:EC,87
FRA,WBG:EC,10
POL,WBG:EC,52
ESP,WBG:EC,69
COL,WBG:EC,168
PER,WBG:EC,100
MNE,WBG:EC,136
SVK,WBG:EC,55
BGR,WBG:EC,75
MEX,WBG:EC,57
ISR,WBG:EC,111
CHL,WBG:EC,64
BEL,WBG:EC,10
ZAF,WBG:EC,46
CZE,WBG:EC,37
ARM,WBG:EC,119
RWA,WBG:EC,62
PRI,WBG:EC,92
ROM,WBG:EC,51
SAU,WBG:EC,108
QAT,WBG:EC,104
SVN,WBG:EC,122
PAN,WBG:EC,84
BHR,WBG:EC,123
HUN,WBG:EC,20
TUR,WBG:EC,38
ITA,WBG:EC,147
BLR,WBG:EC,7
JAM,WBG:EC,117
LUX,WBG:EC,2
TUN,WBG:EC,78
GRC,WBG:EC,155
RUS,WBG:EC,14
MDA,WBG:EC,42
CYP,WBG:EC,113
HRV,WBG:EC,54
OMN,WBG:EC,130
WSM,WBG:EC,83
ALB,WBG:EC,102
TON,WBG:EC,48
GHA,WBG:EC,96
MAR,WBG:EC,81
MNG,WBG:EC,24
GTM,WBG:EC,143
BWA,WBG:EC,61
KSV,WBG:EC,138
VUT,WBG:EC,77
KAZ,WBG:EC,30
VNM,WBG:EC,47
TTO,WBG:EC,180
AZE,WBG:EC,31
FJI,WBG:EC,59
URY,WBG:EC,106
CRI,WBG:EC,129
DOM,WBG:EC,73
SYC,WBG:EC,103
KWT,WBG:EC,131
SLB,WBG:EC,150
NAM,WBG:EC,53
ATG,WBG:EC,76
CHN,WBG:EC,35
SRB,WBG:EC,96
PRY,WBG:EC,90
SMR,WBG:EC,33
MLT,WBG:EC,107
PHL,WBG:EC,124
UKR,WBG:EC,43
BHS,WBG:EC,125
DMA,WBG:EC,148
LKA,WBG:EC,165
LCA,WBG:EC,145
BRN,WBG:EC,139
KGZ,WBG:EC,56
VCT,WBG:EC,101
LBN,WBG:EC,110
HND,WBG:EC,166
BRB,WBG:EC,160
BIH,WBG:EC,95
NPL,WBG:EC,134
SLV,WBG:EC,82
SWZ,WBG:EC,173
ZMB,WBG:EC,98
EGY,WBG:EC,152
PLW,WBG:EC,127
IDN,WBG:EC,172
ECU,WBG:EC,88
MDV,WBG:EC,91
JOR,WBG:EC,114
BLZ,WBG:EC,170
NIC,WBG:EC,70
BRA,WBG:EC,118
KNA,WBG:EC,116
CPV,WBG:EC,39
GUY,WBG:EC,71
ARG,WBG:EC,63
BTN,WBG:EC,74
GRD,WBG:EC,144
MOZ,WBG:EC,164
PAK,WBG:EC,161
LSO,WBG:EC,115
IRN,WBG:EC,66
TZA,WBG:EC,45
ETH,WBG:EC,50
PNG,WBG:EC,181
KIR,WBG:EC,60
KHM,WBG:EC,178
KEN,WBG:EC,137
YEM,WBG:EC,85
GMB,WBG:EC,49
MHL,WBG:EC,58
SLE,WBG:EC,109
UZB,WBG:EC,28
IND,WBG:EC,186
WBG,WBG:EC,105
GAB,WBG:EC,156
FSM,WBG:EC,162
MLI,WBG:EC,128
CIV,WBG:EC,72
LAO,WBG:EC,99
TGO,WBG:EC,134
UGA,WBG:EC,80
BEN,WBG:EC,167
BDI,WBG:EC,158
STP,WBG:EC,179
DZA,WBG:EC,120
DJI,WBG:EC,171
IRQ,WBG:EC,141
BOL,WBG:EC,111
CMR,WBG:EC,159
COM,WBG:EC,177
SDN,WBG:EC,163
SEN,WBG:EC,142
SUR,WBG:EC,184
MDG,WBG:EC,146
MWI,WBG:EC,154
GNQ,WBG:EC,67
TJK,WBG:EC,40
BFA,WBG:EC,153
NER,WBG:EC,132
GIN,WBG:EC,133
NGA,WBG:EC,140
ZWE,WBG:EC,157
TMP,WBG:EC,189
BGD,WBG:EC,188
LBR,WBG:EC,174
SYR,WBG:EC,175
MRT,WBG:EC,86
MMR,WBG:EC,185
COG,WBG:EC,151
GNB,WBG:EC,169
HTI,WBG:EC,89
AGO,WBG:EC,187
VEN,WBG:EC,79
AFG,WBG:EC,183
ZAR,WBG:EC,176
TCD,WBG:EC,149
SSD,WBG:EC,94
CAF,WBG:EC,182
LBY,WBG:EC,126
ERI,WBG:EC,68
SGP,WBG:TI,19
NZL,WBG:TI,28
HKG,WBG:TI,25
DNK,WBG:TI,9
PRK,WBG:TI,5
NOR,WBG:TI,8
USA,WBG:TI,4
GBR,WBG:TI,13
FIN,WBG:TI,1
AUS,WBG:TI,14
SWE,WBG:TI,17
ISL,WBG:TI,15
IRL,WBG:TI,21
DEU,WBG:TI,3
GEO,WBG:TI,122
CAN,WBG:TI,6
EST,WBG:TI,37
MYS,WBG:TI,36
#N/A,WBG:TI,18
CHE,WBG:TI,41
AUT,WBG:TI,16
ARE,WBG:TI,92
LVA,WBG:TI,40
LTU,WBG:TI,67
PRT,WBG:TI,10
THA,WBG:TI,45
NLD,WBG:TI,12
MUS,WBG:TI,43
JPN,WBG:TI,2
JPN,WBG:TI,35
FRA,WBG:TI,22
POL,WBG:TI,32
ESP,WBG:TI,23
COL,WBG:TI,30
PER,WBG:TI,76
MNE,WBG:TI,33
SVK,WBG:TI,31
BGR,WBG:TI,38
MEX,WBG:TI,27
ISR,WBG:TI,24
CHL,WBG:TI,73
BEL,WBG:TI,11
ZAF,WBG:TI,39
CZE,WBG:TI,20
ARM,WBG:TI,69
RWA,WBG:TI,101
PRI,WBG:TI,7
ROM,WBG:TI,46
SAU,WBG:TI,163
QAT,WBG:TI,47
SVN,WBG:TI,42
PAN,WBG:TI,132
BHR,WBG:TI,87
HUN,WBG:TI,64
TUR,WBG:TI,109
ITA,WBG:TI,29
BLR,WBG:TI,68
JAM,WBG:TI,59
LUX,WBG:TI,62
TUN,WBG:TI,54
GRC,WBG:TI,52
RUS,WBG:TI,65
MDA,WBG:TI,58
CYP,WBG:TI,51
HRV,WBG:TI,56
OMN,WBG:TI,112
WSM,WBG:TI,124
ALB,WBG:TI,44
TON,WBG:TI,133
GHA,WBG:TI,161
MAR,WBG:TI,113
MNG,WBG:TI,90
GTM,WBG:TI,155
BWA,WBG:TI,49
KSV,WBG:TI,164
VUT,WBG:TI,103
KAZ,WBG:TI,63
VNM,WBG:TI,104
TTO,WBG:TI,66
AZE,WBG:TI,94
FJI,WBG:TI,91
URY,WBG:TI,57
CRI,WBG:TI,89
DOM,WBG:TI,158
SYC,WBG:TI,61
KWT,WBG:TI,127
SLB,WBG:TI,139
NAM,WBG:TI,81
ATG,WBG:TI,114
CHN,WBG:TI,53
SRB,WBG:TI,48
PRY,WBG:TI,106
SMR,WBG:TI,111
MLT,WBG:TI,86
PHL,WBG:TI,50
UKR,WBG:TI,142
BHS,WBG:TI,60
DMA,WBG:TI,121
LKA,WBG:TI,72
LCA,WBG:TI,100
BRN,WBG:TI,88
KGZ,WBG:TI,157
VCT,WBG:TI,189
LBN,WBG:TI,136
HND,WBG:TI,140
BRB,WBG:TI,26
BIH,WBG:TI,34
NPL,WBG:TI,82
SLV,WBG:TI,79
SWZ,WBG:TI,80
ZMB,WBG:TI,95
EGY,WBG:TI,126
PLW,WBG:TI,167
IDN,WBG:TI,75
ECU,WBG:TI,151
MDV,WBG:TI,135
JOR,WBG:TI,145
BLZ,WBG:TI,71
NIC,WBG:TI,110
BRA,WBG:TI,55
KNA,WBG:TI,189
CPV,WBG:TI,189
GUY,WBG:TI,150
ARG,WBG:TI,83
BTN,WBG:TI,189
GRD,WBG:TI,189
MOZ,WBG:TI,107
PAK,WBG:TI,78
LSO,WBG:TI,120
IRN,WBG:TI,138
TZA,WBG:TI,105
ETH,WBG:TI,74
PNG,WBG:TI,141
KIR,WBG:TI,189
KHM,WBG:TI,84
KEN,WBG:TI,134
YEM,WBG:TI,154
GMB,WBG:TI,102
MHL,WBG:TI,168
SLE,WBG:TI,143
UZB,WBG:TI,77
IND,WBG:TI,137
WBG,WBG:TI,189
GAB,WBG:TI,125
FSM,WBG:TI,118
MLI,WBG:TI,108
CIV,WBG:TI,85
LAO,WBG:TI,189
TGO,WBG:TI,93
UGA,WBG:TI,98
BEN,WBG:TI,115
BDI,WBG:TI,144
STP,WBG:TI,162
DZA,WBG:TI,97
DJI,WBG:TI,70
IRQ,WBG:TI,189
BOL,WBG:TI,96
CMR,WBG:TI,123
COM,WBG:TI,189
SDN,WBG:TI,156
SEN,WBG:TI,99
SUR,WBG:TI,130
MDG,WBG:TI,129
MWI,WBG:TI,166
GNQ,WBG:TI,189
TJK,WBG:TI,149
BFA,WBG:TI,115
NER,WBG:TI,128
GIN,WBG:TI,119
NGA,WBG:TI,131
ZWE,WBG:TI,148
TMP,WBG:TI,189
BGD,WBG:TI,147
LBR,WBG:TI,169
SYR,WBG:TI,146
MRT,WBG:TI,189
MMR,WBG:TI,160
COG,WBG:TI,117
GNB,WBG:TI,189
HTI,WBG:TI,189
AGO,WBG:TI,189
VEN,WBG:TI,165
AFG,WBG:TI,159
ZAR,WBG:TI,189
TCD,WBG:TI,152
SSD,WBG:TI,189
CAF,WBG:TI,152
LBY,WBG:TI,189
ERI,WBG:TI,189
